user_input,output,flag,username,timestamp
write an easy on pegnuin,,,,2023-07-19 23:16:56.864273
write an easy on penguin,"Title: The Fascinating World of Penguins

Introduction:
Penguins are one of nature's most charismatic and lovable creatures. With their unique physical appearance and interesting behaviors, penguins capture the hearts and imaginations of people all over the world. In this essay, we will delve into the fascinating world of penguins, exploring their habitats, adaptations, and the challenges they face in their environment.

Body:

1. Habitat:
Penguins are primarily found in the southern hemisphere, with the majority inhabiting Antarctica. However, they can also be found in various coastal regions of South Africa, Australia, New Zealand, and South America.

2. Adaptations:
To survive in harsh, icy environments, penguins have developed remarkable adaptations.
 
   a) Feathers: Penguins have dense, waterproof feathers that are layered to retain heat and protect them from the cold waters. The feathers also help streamline their bodies, enabling them to swim swiftly.

   b) Flippers: Penguins possess flippers instead of wings, which they use for swimming with great agility. These flippers enable them to dive deep into the ocean and catch fish as their primary food source.

   c) Camouflage: The coloration of penguins' feathers helps them blend in with their surroundings while swimming. Their black backs provide camouflage from predators lurking beneath the surface, while their white bellies make them less visible from above.

3. Social Behavior:
Penguins are highly social creatures that typically live and breed in large colonies, ranging from a few hundred to thousands of individuals. They form strong bonds with their mates and engage in courtship rituals, such as bowing and vocalizing, to attract a suitable partner.

4. Reproduction:
Penguins have unique reproductive strategies. They form pairs that stay monogamous for a breeding season, taking turns to incubate their eggs. Once hatched, both parents jointly care for the chicks, providing warmth and food until they are old enough to fend for themselves.

5. Conservation Efforts:
Penguins face various threats due to environmental changes, including climate change and overfishing. Many organizations and researchers are working to protect penguins and their habitats, focusing on preserving their breeding grounds, reducing pollution, and educating the public about their conservation needs.

Conclusion:
Penguins are remarkable creatures that have captured the attention of people worldwide. Their unique adaptations, behaviors, and the challenges they face make them a subject of intrigue and admiration. Understanding and appreciating penguins can help us recognize the importance of conserving their habitats and promoting environmental stewardship for the benefit of all species.",,,2023-07-19 23:17:44.197972
